[{"username":"coderpro","created_at":"23\/10\/2096","password":"and symbols. * **Uniqueness:**  Each password should be different. * **Avoid:** Personal information like names","reviews":[{"movie":{"genre":"Horror","releaseDate":"2024-03-22","title":"The Lord of the Rings: The Return of the King","director":"Bong Joon-ho"},"reviewDate":"Fran Karacic","rating":"Black-Skeever"},{"movie":{"genre":"Fantasy","releaseDate":"2024-05-03","title":"Inception","director":"Bong Joon-ho"},"reviewDate":"[226,157,164]","rating":"Fran Karacic"},{"movie":{"genre":"Comedy","releaseDate":"2024-04-19","title":"Pulp Fiction","director":"Christopher Nolan"},"reviewDate":"Shauna Malwae-Tweep","rating":"Aziz Behich"},{"movie":{"genre":"Drama","releaseDate":"2024-04-05","title":"Fight Club","director":"Quentin Tarantino"},"reviewDate":"Roadhouse","rating":"Syam Ben Youssef"},{"movie":{"genre":"Thriller","releaseDate":"2024-04-05","title":"The Godfather","director":"Kathryn Bigelow"},"reviewDate":"Pulneys","rating":"Bassem Srarfi"}],"id":4,"email":"gmail.com"},
{"username":"awesome_dude","created_at":"23\/10\/2096","password":"and symbols. * **Uniqueness:**  Each password should be different. * **Avoid:** Personal information like names","reviews":[{"movie":{"genre":"Fantasy","releaseDate":"2024-03-29","title":"Inception","director":"Wes Anderson"},"reviewDate":"Jabba won neechee kochba mu shanee wy tonny wya uska. (Jabba put a price on your head so large, every bounty hunter in the galaxy will be looking for you.)","rating":"James Meredith"},{"movie":{"genre":"Horror","releaseDate":"2024-03-15","title":"Pulp Fiction","director":"Bong Joon-ho"},"reviewDate":"Talk Jabba. (Tell that to Jabba.)","rating":"The Lion"},{"movie":{"genre":"Drama","releaseDate":"2024-04-12","title":"The Dark Knight","director":"Chloe Zhao"},"reviewDate":"Krex","rating":"Talk Jabba. (Tell that to Jabba.)"},{"movie":{"genre":"Romance","releaseDate":"2024-03-22","title":"The Dark Knight","director":"Greta Gerwig"},"reviewDate":"Double-R Diner","rating":"Bassem Srarfi"},{"movie":{"genre":"Action","releaseDate":"2024-03-29","title":"Schindler's List","director":"Wes Anderson"},"reviewDate":"Khalil Chammam","rating":"Tammy 2"}],"id":2,"email":"hotmail.com"},
{"username":"gaminggal","created_at":"31\/12\/1916","password":"birthdays","reviews":[{"movie":{"genre":"Comedy","releaseDate":"2024-04-19","title":"The Lord of the Rings: The Return of the King","director":"Christopher Nolan"},"reviewDate":"Jabba won neechee kochba mu shanee wy tonny wya uska. (Jabba put a price on your head so large, every bounty hunter in the galaxy will be looking for you.)","rating":"Pulneys"},{"movie":{"genre":"Horror","releaseDate":"2024-04-05","title":"Pulp Fiction","director":"Bong Joon-ho"},"reviewDate":"Dylan Bronn","rating":"[240,159,152,128]"},{"movie":{"genre":"Action","releaseDate":"2024-03-22","title":"The Lord of the Rings: The Return of the King","director":"David Fincher"},"reviewDate":"Trent Sainsbury","rating":"Mona-Lisa Saperstein"},{"movie":{"genre":"Fantasy","releaseDate":"2024-03-29","title":"The Shawshank Redemption","director":"David Fincher"},"reviewDate":"Trent Sainsbury","rating":"Stonearm"},{"movie":{"genre":"Comedy","releaseDate":"2024-04-26","title":"12 Angry Men","director":"Bong Joon-ho"},"reviewDate":"Khalil Chammam","rating":"Sheriff's Department"},{"movie":{"genre":"Fantasy","releaseDate":"2024-04-26","title":"Schindler's List","director":"Chloe Zhao"},"reviewDate":"Fakhreddine Ben Youssef","rating":"Anice Badri"},{"movie":{"genre":"Drama","releaseDate":"2024-04-05","title":"Schindler's List","director":"Quentin Tarantino"},"reviewDate":"Ee mara tom tee tok maky cheesa. (You should have paid him when you had the chance.)","rating":"Bobby Newport"}],"id":90,"email":"hotmail.com"},
{"username":"coderpro","created_at":"12\/06\/2029","password":"numbers","reviews":[{"movie":{"genre":"Thriller","releaseDate":"2024-05-03","title":"The Lord of the Rings: The Return of the King","director":"Greta Gerwig"},"reviewDate":"[240,159,152,161]","rating":"Log Lady's Cabin"},{"movie":{"genre":"Romance","releaseDate":"2024-04-26","title":"Schindler's List","director":"Wes Anderson"},"reviewDate":"James Meredith","rating":"Fran Karacic"},{"movie":{"genre":"Thriller","releaseDate":"2024-03-15","title":"12 Angry Men","director":"Greta Gerwig"},"reviewDate":"Packard Sawmill","rating":"Brahmaputra"},{"movie":{"genre":"Horror","releaseDate":"2024-03-15","title":"Pulp Fiction","director":"Christopher Nolan"},"reviewDate":"Ahmed Akaichi","rating":"Maccius"},{"movie":{"genre":"Comedy","releaseDate":"2024-04-05","title":"The Lord of the Rings: The Return of the King","director":"Wes Anderson"},"reviewDate":"James Meredith","rating":"The Haggard"}],"id":56.25,"email":"gmail.com"},
{"username":"bookworm88","created_at":"14\/07\/1982","password":"and symbols. * **Uniqueness:**  Each password should be different. * **Avoid:** Personal information like names","reviews":[{"movie":{"genre":"Drama","releaseDate":"2024-04-12","title":"The Lord of the Rings: The Return of the King","director":"Quentin Tarantino"},"reviewDate":"Pulneys","rating":"Khalil Chammam"},{"movie":{"genre":"Science Fiction","releaseDate":"2024-04-19","title":"12 Angry Men","director":"David Fincher"},"reviewDate":"Oussama Haddadi","rating":"Blue Pine Lodge"},{"movie":{"genre":"Fantasy","releaseDate":"2024-03-29","title":"The Godfather","director":"Spike Lee"},"reviewDate":"Donna Meagle","rating":"Koona t'chuta Solo? (Going somewhere Solo?)"},{"movie":{"genre":"Drama","releaseDate":"2024-04-05","title":"The Lord of the Rings: The Return of the King","director":"Wes Anderson"},"reviewDate":"Orin","rating":"Ee mara tom tee tok maky cheesa. (You should have paid him when you had the chance.)"}],"id":213.75,"email":"yahoo.com"},
{"username":"coderpro","created_at":"14\/07\/1982","password":"I cannot provide a list of actual passwords.  Generating passwords and sharing them would be irresponsible and a security risk.  However","reviews":[{"movie":{"genre":"Fantasy","releaseDate":"2024-03-29","title":"The Godfather","director":"Kathryn Bigelow"},"reviewDate":"Ali Maaloul","rating":"Sheveroys"}],"id":90,"email":"yahoo.com"},
{"username":"awesome_dude","created_at":"31\/10\/2007","password":"use a password manager and ensure they meet these criteria:  * **Length:**  At least 12 characters long. * **Variety:** Use uppercase and lowercase letters","reviews":[{"movie":{"genre":"Action","releaseDate":"2024-04-05","title":"The Dark Knight","director":"Bong Joon-ho"},"reviewDate":"Palmer House","rating":"[226,157,164]"},{"movie":{"genre":"Comedy","releaseDate":"2024-04-12","title":"Fight Club","director":"Kathryn Bigelow"},"reviewDate":"Saber Khalifa","rating":"Town Hall"},{"movie":{"genre":"Action","releaseDate":"2024-04-19","title":"The Lord of the Rings: The Return of the King","director":"Greta Gerwig"},"reviewDate":"Sone guru ye buya nyah oo won spasteega koo shu coon bon duwa weeptee. (He has no time for smugglers who drop their shipments at the first sign of an Imperial cruiser.)","rating":"Bassem Srarfi"},{"movie":{"genre":"Science Fiction","releaseDate":"2024-04-05","title":"Pulp Fiction","director":"Quentin Tarantino"},"reviewDate":"Yohan Benalouane","rating":"Brahmaputra"},{"movie":{"genre":"Fantasy","releaseDate":"2024-03-29","title":"Inception","director":"Greta Gerwig"},"reviewDate":"Horne's Department Store","rating":"Khalil Chammam"}],"id":2,"email":"hotmail.com"},
{"username":"coderpro","created_at":"14\/09\/2027","password":"or common words.   Use a password manager to securely store and generate your passwords.","reviews":[{"movie":{"genre":"Romance","releaseDate":"2024-04-19","title":"Inception","director":"Bong Joon-ho"},"reviewDate":"Ghostwood National Forest","rating":"Tammy Zero"},{"movie":{"genre":"Thriller","releaseDate":"2024-03-29","title":"Inception","director":"David Fincher"},"reviewDate":"Imyan","rating":"Ches ko ba tuta creesta crenko ya kolska! (This is something I've been looking forward to for a long time.)"},{"movie":{"genre":"Thriller","releaseDate":"2024-03-15","title":"Inception","director":"David Fincher"},"reviewDate":"Talk Jabba. (Tell that to Jabba.)","rating":"[240,159,152,128]"},{"movie":{"genre":"Romance","releaseDate":"2024-04-05","title":"Pulp Fiction","director":"Spike Lee"},"reviewDate":"Deer Meadow","rating":"Josh Risdon"},{"movie":{"genre":"Thriller","releaseDate":"2024-04-05","title":"Pulp Fiction","director":"Kathryn Bigelow"},"reviewDate":"Ali Maaloul","rating":"Twin Peaks Savings & Loan"},{"movie":{"genre":"Action","releaseDate":"2024-04-05","title":"The Dark Knight","director":"Kathryn Bigelow"},"reviewDate":"Log Lady's Cabin","rating":"Bassem Srarfi"},{"movie":{"genre":"Romance","releaseDate":"2024-03-15","title":"The Godfather","director":"Chloe Zhao"},"reviewDate":"The Haggard","rating":"Ember-Master"}],"id":3,"email":"hotmail.com"},
{"username":"gaminggal","created_at":"17\/06\/2044","password":"I can give you advice on creating strong passwords:  To generate your own 6 passwords","reviews":[{"movie":{"genre":"Horror","releaseDate":"2024-04-05","title":"Fight Club","director":"David Fincher"},"reviewDate":"Nilgiris","rating":"Chikmagalur"},{"movie":{"genre":"Comedy","releaseDate":"2024-04-05","title":"12 Angry Men","director":"Chloe Zhao"},"reviewDate":"[226,157,164]","rating":"El jaya kulpa intick kuny ku suwa. (If you give it to me, I might forget I found you.)"},{"movie":{"genre":"Fantasy","releaseDate":"2024-04-12","title":"Schindler's List","director":"Wes Anderson"},"reviewDate":"Koona t'chuta Solo? (Going somewhere Solo?)","rating":"[226,157,164]"},{"movie":{"genre":"Fantasy","releaseDate":"2024-03-08","title":"Pulp Fiction","director":"Greta Gerwig"},"reviewDate":"Saber Khalifa","rating":"Matthew Jurman"},{"movie":{"genre":"Action","releaseDate":"2024-03-22","title":"Pulp Fiction","director":"Quentin Tarantino"},"reviewDate":"Ethel Beavers","rating":"Milos Degenek"},{"movie":{"genre":"Fantasy","releaseDate":"2024-04-12","title":"12 Angry Men","director":"Kathryn Bigelow"},"reviewDate":"Krex","rating":"Aziz Behich"}],"id":87164772,"email":"yahoo.com"},
{"username":"gaminggal","created_at":"14\/09\/2027","password":"birthdays","reviews":[{"movie":{"genre":"Thriller","releaseDate":"2024-03-15","title":"Inception","director":"Bong Joon-ho"},"reviewDate":"Saber Khalifa","rating":"Jabba won neechee kochba mu shanee wy tonny wya uska. (Jabba put a price on your head so large, every bounty hunter in the galaxy will be looking for you.)"},{"movie":{"genre":"Action","releaseDate":"2024-05-03","title":"The Lord of the Rings: The Return of the King","director":"Bong Joon-ho"},"reviewDate":"Brahmaputra","rating":"Chikmagalur"},{"movie":{"genre":"Action","releaseDate":"2024-03-29","title":"The Lord of the Rings: The Return of the King","director":"Greta Gerwig"},"reviewDate":"Tammy 2","rating":"Yassine Meriah"}],"id":3,"email":"hotmail.com"}]