[{"created_at":"31\/12\/1916","id":1,"password":"toke","email":"gmail.com","userame":"gamergirl7"},
{"created_at":"23\/10\/2096","id":2,"password":"thc","email":"yahoo.com","userame":"cooldude88"},
{"created_at":"31\/10\/2007","id":3,"password":"pipe","email":"gmail.com","userame":"musiclover1"},
{"created_at":"31\/10\/2007","id":4,"password":"weed","email":"hotmail.com","userame":"cooldude88"},
{"created_at":"16\/08\/2039","id":5,"password":"spliff","email":"yahoo.com","userame":"stargazer42"},
{"created_at":"31\/12\/1916","id":6,"password":"ripped","email":"yahoo.com","userame":"bookworm92"},
{"created_at":"12\/06\/2029","id":7,"password":"bubbler","email":"yahoo.com","userame":"bookworm92"},
{"created_at":"16\/08\/2039","id":8,"password":"eighth","email":"hotmail.com","userame":"cooldude88"},
{"created_at":"16\/08\/2039","id":9,"password":"cashed","email":"hotmail.com","userame":"user123"},
{"created_at":"06\/04\/1989","id":10,"password":"thc","email":"hotmail.com","userame":"stargazer42"}]